{"mean":{"confidence_interval":{"confidence_level":0.95,"lower_bound":77649.25976644734,"upper_bound":78014.99713486843},"point_estimate":77815.36486842105,"standard_error":93.62457317453476},"median":{"confidence_interval":{"confidence_level":0.95,"lower_bound":77415.55263157896,"upper_bound":77506.55263157895},"point_estimate":77455.57894736843,"standard_error":21.87055190802635},"median_abs_dev":{"confidence_interval":{"confidence_level":0.95,"lower_bound":214.52831461239327,"upper_bound":316.1839522813439},"point_estimate":259.25991644984003,"standard_error":25.453702567951158},"slope":null,"std_dev":{"confidence_interval":{"confidence_level":0.95,"lower_bound":803.086521890087,"upper_bound":1846.0411073713246},"point_estimate":1323.2850387789638,"standard_error":274.24434584261104}}